address_id,user_id,address
1,6,"85202 Kimberly Islands Apt. 009
East Amy, WI 74841"
2,99,"295 Davis Square
New Brian, OH 86560"
3,40,"412 Johnson Fort
Port Josephview, KS 61692"
4,13,"9388 Michael Ramp
Port Mariaport, UT 00680"
5,33,"97208 Christopher Courts
Jameschester, AL 78602"
6,11,"02249 Connie Spurs Apt. 799
Woodwardtown, DE 42258"
7,66,"71411 Jeffrey Club
Tylerton, KS 88966"
8,95,"0016 Sandra Wells
Robertborough, CT 68118"
9,84,"9084 James Fords Suite 322
Mcguiremouth, AZ 63536"
10,57,"8576 Laurie Ridge
Englishmouth, DC 69942"
11,22,"Unit 5685 Box 6047
DPO AA 77098"
12,67,"22366 Kelley Gateway Apt. 181
North Kathleen, NY 40658"
13,26,"Unit 5114 Box 2734
DPO AE 68362"
14,55,"46162 Fields Spur Suite 660
West Christopher, DC 91485"
15,100,"739 Emily Route
East Brian, GU 10868"
16,33,"976 Brian Cove Suite 070
New Aaron, AL 59313"
17,12,"12991 Cory Manor
Christineville, WA 85137"
18,44,"6871 Jennifer Port Suite 574
North Lisaberg, DC 91296"
19,75,"52960 Wade Rest
Lake Audrey, NH 90070"
20,38,"517 Harris Via Apt. 628
Stephanieton, RI 98504"
21,25,"55900 Baker Meadows
Port Maryhaven, NJ 93032"
22,14,"551 Cordova Passage
Chrisside, PR 69776"
23,93,"PSC 6856, Box 4372
APO AP 44177"
24,35,"37344 Melody Brooks Apt. 810
Jonesmouth, DE 29558"
25,1,"426 Potter Lock Apt. 894
New Angelaside, DE 87878"
26,54,"39310 Justin Skyway
New Meganstad, WA 45385"
27,53,"289 Smith Mission Suite 515
Jillville, WY 89728"
28,91,"78780 Jennifer Groves Apt. 087
Port Jenniferberg, TX 50649"
29,92,"Unit 0450 Box 2479
DPO AP 24502"
30,30,"854 Collins Ways
Stricklandmouth, NE 22618"
31,6,"669 Donna Forks Apt. 171
Port Derekland, NJ 08974"
32,47,"030 Green Wall Suite 252
Duncanview, MH 86312"
33,90,"0571 Joseph Brooks
Jamesmouth, MP 76583"
34,49,"5233 Katherine Harbors Suite 502
West Maria, CO 57674"
35,35,"2518 Nicole Locks Suite 135
Yangbury, WY 69956"
36,10,"USNS Mitchell
FPO AE 40543"
37,35,"3087 Taylor Port Apt. 419
South Robertmouth, OH 67795"
38,14,"49895 Simpson Circle Apt. 046
Ericaport, MH 29534"
39,52,"USNV Thomas
FPO AP 87147"
40,1,"475 Nicholas Burgs Suite 508
Smithburgh, MT 55423"
41,48,"8908 Adrienne Court
Lutzhaven, CA 95624"
42,44,"6239 Michael Springs Suite 295
Lake Joshua, NY 97000"
43,37,"4590 Jacob Port
Coreytown, CA 02089"
44,3,"4716 Harris Mount
East Kimberlychester, MN 92538"
45,56,"884 Martin Mills
Lake Jodimouth, VA 48261"
46,35,"65796 Morales Village
North Joel, FL 84507"
47,78,"62133 Kevin Viaduct Suite 066
West Dawnville, WA 07849"
48,74,"4915 Paul Ford Apt. 909
Joshuabury, MT 71137"
49,91,"628 Barron Highway Suite 024
North Jessica, CO 05666"
50,57,"07681 Teresa Valleys Apt. 640
New Colinland, OR 54171"
51,79,"5748 Thomas Union Apt. 531
Davidborough, CT 83985"
52,35,"32292 Karen Villages Suite 442
East Cynthia, VA 45645"
53,19,"02928 James Extensions Suite 295
Port Randy, NE 41896"
54,5,"371 Ball Isle
Port Tyler, KY 18119"
55,80,"71090 Sexton Mountain
North Brenda, NC 32964"
56,63,"4584 Jason Cove
Amandaburgh, NE 83117"
57,31,"600 Suzanne Ridge
East Davidborough, PR 06803"
58,72,"2541 Tucker Knolls
Nicholasshire, FL 28929"
59,70,"367 Tyler Oval
Hardychester, CO 38998"
60,49,"832 Leonard Haven
West Laura, PR 33253"
61,82,"692 Shannon Wall Apt. 439
Teresahaven, MP 09682"
62,57,"USNV Mcpherson
FPO AP 14733"
63,100,"07937 David Stravenue
Jamesbury, ID 28186"
64,85,"42623 Lawson Tunnel Apt. 665
Longfurt, KS 39044"
65,42,"507 Brian Squares Apt. 575
Perezside, VT 71999"
66,26,"195 Angela Wells Apt. 670
Lopezberg, NH 44533"
67,72,"Unit 6957 Box 2104
DPO AE 21739"
68,12,"03557 Patricia Trafficway Apt. 016
North Luis, ND 47009"
69,48,"668 Vicki Forks
New Marissa, ID 88442"
70,41,"PSC 0961, Box 6877
APO AE 61474"
71,81,"1486 Lewis Mews
Andersonfort, AL 58123"
72,43,"237 Jason Trail
West Kari, OK 64028"
73,96,"455 Stacy Pines
Johnsonberg, OK 46156"
74,20,"USNV Foley
FPO AE 52119"
75,41,"32091 Faulkner Key
West Sherryfort, IA 18566"
76,85,"1971 Camacho Turnpike
Savagefurt, NE 50123"
77,63,"2374 William Circle
Nicholsland, FM 33485"
78,69,"829 Mendez Alley
West Mark, CO 13131"
79,72,"09900 Bradley Trafficway Apt. 633
Johnsonfurt, MH 56832"
80,85,"9976 Erika Estates Apt. 709
South Sean, KS 37758"
81,64,"8641 Sanchez Corner
Lake Danstad, WY 39479"
82,52,"7585 Davis Lodge
Nelsonmouth, PW 91627"
83,55,"PSC 3211, Box 6241
APO AE 77452"
84,21,"5165 Rachel Ville
North Daniel, SD 00713"
85,81,"77065 Ellison Trace
West Christopher, VA 25454"
86,54,"Unit 9962 Box 0052
DPO AE 26160"
87,77,"904 Durham Drive
North Jacquelineburgh, MS 01244"
88,23,"1081 Karen Views Suite 831
South Kristine, SD 42751"
89,14,"7726 Amber Oval
Terrytown, WV 87260"
90,34,"182 Hardy Bypass
North Amandamouth, AZ 50895"
91,78,"PSC 9038, Box 5415
APO AE 46563"
92,96,"5630 Veronica Loop
Mistymouth, KS 07539"
93,11,"479 John Falls
North Mia, WY 23979"
94,6,"01790 Denise Haven
Hickmanberg, GA 31632"
95,1,"USCGC Garcia
FPO AP 76200"
96,5,"2310 James Plains
North Davidland, HI 50724"
97,7,"355 Hudson Loaf Suite 141
Schultzstad, NE 18319"
98,86,"543 Shah Lights Suite 695
New Thomas, IN 05382"
99,1,"135 Christopher Mountain
Watsonfurt, GA 48944"
100,23,"8648 Lowery Harbor
Ericborough, WA 53821"
101,37,"962 Anthony Summit
Michelleborough, NM 66691"
102,6,"93264 Sarah Square Apt. 722
Wilsonshire, SD 86348"
103,92,"769 Lambert Common
Lake Kelly, NE 70238"
104,51,"210 Brandon Burg Apt. 277
East Vanessa, SD 09886"
105,27,"USCGC King
FPO AA 34074"
106,51,"4535 Sanchez Tunnel Suite 014
Brownview, OH 98891"
107,97,"33919 Edward Cape Suite 937
New Jeffreyville, CO 02187"
108,25,"Unit 6480 Box 0492
DPO AA 93956"
109,35,"53123 Dawn Mission Apt. 072
New Christine, KY 74831"
110,99,"107 Alexander Station Suite 874
Lake Victoria, HI 10660"
111,31,"3077 Andrew Circle Suite 692
Mikeville, NM 27345"
112,44,"Unit 1652 Box 6438
DPO AA 72470"
113,30,"274 Hamilton Shore Suite 807
South Nathan, OK 31374"
114,73,"556 Jennifer Isle
Jillianfort, LA 40575"
115,46,"4588 Simpson Crest
South Victoria, RI 20625"
116,97,"Unit 9173 Box 0800
DPO AP 53425"
117,55,"29455 Michael Garden Suite 590
Lake Steve, MA 53832"
118,28,"54988 Theresa Expressway
Port Emilyport, GU 37315"
119,44,"56495 Tonya Falls
Lake Dylanmouth, IA 44761"
120,87,"509 Donovan Lodge Suite 970
Lake Christophertown, MN 61337"
121,27,"965 Berger Wells Suite 541
East Meganhaven, SD 24724"
122,41,"88407 Smith Square Suite 564
Lake Tara, AR 79329"
123,67,"720 Eddie Stravenue
Gonzalezstad, MI 05489"
124,95,"13015 Knight Squares
East Nicolebury, UT 07181"
125,54,"4099 Raymond Prairie Apt. 192
Annmouth, KS 16605"
126,71,"7417 Mcguire Glen
South Karen, AS 34610"
127,11,"69577 Davis Lodge
South Michaelburgh, ID 71378"
128,94,"827 Norris Route Apt. 838
New Dominicmouth, GU 32883"
129,54,"991 Jennifer Parkways Suite 288
North James, IN 54201"
130,43,"340 Karen Mews Apt. 891
North Robinhaven, AS 70734"
131,11,"49100 Wallace Key Apt. 336
South Jamesstad, GA 90084"
132,74,"68476 Bradley Knolls Suite 485
New James, PR 98656"
133,36,"793 Carey Key Suite 792
West Ronnie, OK 75768"
134,31,"988 Delgado Junctions
Brandonport, KY 77003"
135,28,"3880 Michael Rapids Suite 917
Robertborough, SD 53963"
136,79,"1007 Sarah Springs
Ramoschester, AL 68735"
137,22,"5464 Brooks Locks Apt. 933
Danielburgh, MP 78744"
138,78,"7133 Jennifer Prairie Apt. 074
Port Patrick, WI 01663"
139,62,"53638 Jenna Forge Apt. 042
Denisehaven, OH 58303"
140,4,"3023 King Coves Suite 806
South Gregory, GU 98435"
141,39,"117 Foster Row
West Susanburgh, MS 04841"
142,49,"6577 Mark Forest Apt. 036
New Cameron, DC 89780"
143,7,"854 Harris Road
North Vanessastad, UT 35059"
144,47,"0776 Jennifer Spring
Chadberg, FL 55263"
145,27,"516 Cook Gateway
Lake Jacquelinetown, NJ 09519"
146,6,"21266 Hughes Causeway
Darrenbury, AL 10831"
147,18,"PSC 1898, Box 5716
APO AE 32415"
148,59,"06254 Chase Cape Suite 506
Harringtonberg, IA 09959"
149,22,"88805 Gillespie Ramp
Danielsville, WI 25032"
150,31,"1206 Blevins Canyon Apt. 972
New Michaelton, MD 40311"
