user_id,name,email
1,Zachary Reynolds,tiffanyvasquez@example.org
2,Jennifer Collins,jeremy79@example.com
3,Amy Wilson,kwhitaker@example.org
4,Joseph Smith,lisaedwards@example.com
5,Nicholas Glover,fmiller@example.org
6,Kimberly Pena,melanie41@example.net
7,Scott Rangel,brittanygonzalez@example.org
8,Katelyn Jones,william74@example.com
9,Angel Smith,jenniferwhitehead@example.com
10,Jasmine Sweeney,qbird@example.net
11,Margaret Frey,wilsonmegan@example.org
12,Deborah Cross,browntammy@example.net
13,Cassie Romero,ricky95@example.org
14,Amber Mclaughlin,barajasnicholas@example.net
15,Matthew Roberts,phillipbrown@example.net
16,Jonathan Reed,donaldjordan@example.net
17,Jason Warren,bchambers@example.org
18,Melinda Clarke,keith73@example.com
19,Mark Moreno,tmcconnell@example.org
20,Bruce Morris MD,kelseyrichards@example.org
21,James Norris,scottkevin@example.net
22,Mary Williams DDS,drakekristin@example.com
23,Laura Golden,louisramsey@example.org
24,Susan Merritt,debramacias@example.org
25,Rhonda Hall,huntronald@example.com
26,Cheyenne Holland,erica37@example.net
27,Timothy Perry,williamslydia@example.org
28,Amanda Lopez,kristen67@example.com
29,Carrie Vasquez,tmendoza@example.org
30,Brittany Robinson,amy82@example.com
31,Nicole Sanders,paula11@example.org
32,Norma Wallace,kevin55@example.com
33,Jeremy Davidson,qjames@example.org
34,Barbara Taylor,gatesaaron@example.net
35,Roberta Brooks,sacosta@example.net
36,Erica Payne,fostererica@example.org
37,Pamela Quinn,webbchristopher@example.net
38,Brian Martin,juanbrown@example.net
39,Tyler Collins,jill30@example.org
40,Jodi Noble,wboyd@example.net
41,Martin Nguyen,xrodriguez@example.com
42,Joanne Young,jeffrey47@example.com
43,Lisa Johnson,wilkinsjeffrey@example.net
44,Angel Lane,ruth37@example.net
45,Blake Davis,hyork@example.net
46,Andrew Barnes,veronicahaynes@example.org
47,Tina Cline,heathermontoya@example.org
48,Benjamin Ramirez MD,andrew76@example.com
49,Peggy Taylor,qkim@example.net
50,David Hale,fosterdeborah@example.org
51,Nancy Gaines,eking@example.net
52,Danielle Burgess,ethompson@example.org
53,Rebecca Jensen,larrymontoya@example.net
54,Joseph Alvarez,barbara88@example.net
55,Patrick Contreras,charles61@example.com
56,Kaitlin Meadows,scott32@example.org
57,Cathy Gomez,ijohnson@example.org
58,Jackson Hughes,hmoreno@example.org
59,Lauren Padilla,devin95@example.com
60,Marvin Medina,elizabeth49@example.net
61,Catherine Holmes,jirwin@example.net
62,Melissa Ramirez,schaefertracy@example.com
63,Michelle Crawford,xgentry@example.org
64,Matthew Wilson,bradleydeborah@example.net
65,Nicole Graves,harrisanna@example.com
66,Fernando Vargas,gabrielpace@example.org
67,Amanda Warner,owenslaura@example.net
68,Veronica Schaefer,rosalesjoshua@example.net
69,Ann Miller,ldavila@example.com
70,Shannon Maldonado,xdillon@example.net
71,Allen Allen,karenramos@example.org
72,Bryan Ali,wjohnson@example.com
73,Amy Harris,timothy99@example.net
74,Bryan Clark,jamesjefferson@example.org
75,Ricky Fuller,ballalexander@example.com
76,Andrew Diaz,dhernandez@example.net
77,Dawn Alvarez,jason41@example.org
78,Carolyn Peterson,richard49@example.org
79,Taylor Wade,pattontravis@example.org
80,Sherry Hines DDS,sreed@example.net
81,Dylan Woods,rachael40@example.org
82,Jessica Myers,kelsey10@example.org
83,Patricia Reilly,tracy32@example.org
84,Joanne Chambers,melissajohnson@example.com
85,Savannah Gregory,cummingsdaniel@example.org
86,Joe Hamilton,zhuffman@example.net
87,Patricia Maldonado,tylerjackson@example.org
88,Megan Davis,lindsaytorres@example.com
89,Samantha Perez,hillemily@example.net
90,Anthony Welch,baileysean@example.net
91,Amy Salas,laurenclark@example.org
92,John Murphy,jamesdrake@example.com
93,Paul Charles,michael81@example.com
94,Jessica Benjamin,caseynicholas@example.org
95,Susan Mccullough,rbuckley@example.org
96,Ryan Thomas,xbenjamin@example.org
97,Christopher Daniel,lesterrobert@example.net
98,Jessica Garner,vegajennifer@example.com
99,Alexander Higgins,cookvincent@example.org
100,Fred Morgan MD,qbass@example.net
